            it,	        volume,	           obj,	     step-size,	    num-reeval,	  succ-objdiff,	     stnrty-L2,	           kkt,	    tot_reeval,	volume_correction,	       penalty
             0,	9.00000000e-01,	1.43514907e-02,	-1.00000000e+00,	             0,	           inf,	6.96277500e-02,	4.08157337e-02,	             0,	0.00000000e+00,	0.00000000e+00
             1,	9.00000000e-01,	1.24728893e-02,	1.25394956e+00,	             0,	1.87860141e-03,	5.21754469e-02,	3.07784990e-02,	             0,	-2.83580495e-02,	0.00000000e+00
             2,	9.00000000e-01,	1.03774722e-02,	2.41164737e+00,	             0,	2.09541703e-03,	3.74743993e-02,	2.14478395e-02,	             0,	-2.40100434e-02,	0.00000000e+00
             3,	9.00000000e-01,	8.37178231e-03,	4.49555339e+00,	             0,	2.00568994e-03,	2.53977169e-02,	1.37647380e-02,	             0,	-1.92105171e-02,	0.00000000e+00
             4,	9.00000000e-01,	6.78254004e-03,	7.84823089e+00,	             0,	1.58924227e-03,	1.69127175e-02,	8.42220246e-03,	             0,	-1.47278706e-02,	0.00000000e+00
